id,count
0,37164.31589236286
1,37028.744508529024
2,36957.55966772526
3,36819.6389939915
4,36865.195282768516
5,36685.033102946116
6,36889.15975793091
7,37422.39591969505
8,36736.63317309925
9,35936.809301208246
10,35381.97778673417
11,35398.62617143691
12,35256.913318136845
13,34664.50927881977
14,34412.95261447242
15,33904.50796092506
16,33632.23447004712
17,33247.20997754619
18,33124.95232983384
19,33467.05450702321
20,33113.82089698085
21,33445.282119918804
22,34075.4437942887
23,36760.71804208359
24,37117.90336258413
25,36727.67935326755
26,36608.97273052839
27,36588.77918467722
28,36640.42165680587
29,36544.14409719216
30,36398.30029585485
31,36435.06507441024
32,36354.88416536294
33,36080.981756774265
34,35652.58247817422
35,35781.62243098363
36,35382.1948593474
37,34988.65126752248
38,34287.8421720663
39,33991.1943376598
40,34031.63063302971
41,33721.04119397475
42,33660.02502963464
43,33465.433133777806
44,33451.41094717483
45,33620.78068428546
46,34244.63594848406
47,36731.81012015359
48,37196.924142002536
49,36821.4364869346
50,36685.264896796485
51,36671.396336926395
52,36646.23215848166
53,36494.09460163869
54,36568.984931236024
55,37397.48102655145
56,36475.187556696874
57,35620.15339224022
58,35512.01163282164
59,35248.04536800195
60,34899.96348035819
61,34684.384777597195
62,34534.75666453056
63,33957.50135812446
64,33841.50075056313
65,33680.10047529736
66,33777.37109553813
67,33807.613834703414
68,34077.68780967378
69,34238.95875742878
70,34922.44154441261
71,37743.85898836592
72,38338.397331406006
73,38081.541237260506
74,38090.144616040576
75,38021.45621469046
76,37985.615604224884
77,37938.59143576644
78,38127.41803651354
79,39480.05487462742
80,37415.42537846437
81,36319.5556742643
82,35650.47390992714
83,35682.42322308914
84,35169.14459918231
85,34533.10394147911
86,34123.94258047943
87,33216.366808156046
88,33394.27027735853
89,33349.69540109971
90,35594.939246111746
91,36040.286990459324
92,36257.1131772238
93,36513.74220927509
94,37060.178771441184
95,40476.681935885936
96,39826.22959321737
97,39724.534112791815
98,39697.3012277911
99,39592.77637483295
100,39822.47529550301
101,39603.00324207767
102,39927.57633259654
103,40924.93711471417
104,39488.55893862342
105,38638.807081682855
106,37775.3415977427
107,37181.95784759261
108,37185.38476265028
109,36551.443095601106
110,36343.07130409362
111,35313.19391752225
112,35496.35643440765
113,35477.28016728912
114,35580.49402223859
115,35978.58345326998
116,36041.16264769669
117,36461.03446120795
118,37186.518417941574
119,39948.62428184566
120,39990.45321236014
121,39863.56030658837
122,39725.22185914805
123,39734.10812160395
124,39828.23877676512
125,39701.03894292723
126,40055.73181927615
127,41119.10302574141
128,39632.1923195133
129,38866.53440426314
130,37918.8313974751
131,37565.861586620835
132,37146.89668781014
133,36468.628832960705
134,36540.00297076746
135,35532.51614974777
136,35352.37076537049
137,34985.307640511564
138,35401.80272470929
139,35680.89008579444
140,35872.7382306895
141,36031.848257812555
142,36426.94482438751
143,39606.00408541091
144,39694.88478564363
145,39620.57832659873
146,39667.128599554315
147,39674.16437877082
148,39713.97067508966
149,39658.17376506144
150,39896.41277881153
151,41107.43204946708
152,39527.36584638527
153,38550.89280402574
154,37995.84886225644
155,37995.116964066154
156,37500.33417150684
157,36843.659815786545
158,36538.1261058217
159,35489.938435360884
160,35391.82732163821
161,35274.412746167094
162,35380.989007475
163,35694.74429841049
164,35550.528944699276
165,36079.61645674621
166,36442.70799939564
167,39433.70118448307
168,39591.77553452174
169,39383.03260527936
170,39312.81474026713
171,39431.527315252744
172,39616.15203554307
173,39501.043643004945
174,39434.76747076577
175,39972.80515878857
176,39408.651227571034
177,38681.021725338935
178,37969.431567023086
179,37863.38259083764
180,37360.48485838132
181,36526.930725304206
182,36118.115185077164
183,35451.38990010235
184,35324.701808276855
185,35122.89252851461
186,35003.96519465784
187,35115.482821855425
188,34824.54192234332
189,35111.28425878853
190,35436.29712003769
191,38191.73317246893
192,38752.91377639623
193,38521.201811778694
194,38507.630682614996
195,38577.26987802959
196,38661.7337561249
197,38527.90375667284
198,38442.864610011726
199,38411.77206247182
200,38367.30044051108
201,38213.738736794716
202,37838.72500725504
203,37689.42021768722
204,37087.36333628011
205,36754.798555633846
206,36430.780863375076
207,36197.16680128028
208,35876.12784243237
209,35440.95457734111
210,35370.627776382404
211,35360.67705739266
212,35179.88336014691
213,35257.043997738925
214,35861.99812959744
215,38539.078971747804
216,39276.8961631553
217,39108.72914676083
218,39092.59644264592
219,39134.18535740185
220,39089.53338158202
221,39112.91616141074
222,39157.65565115585
223,40011.553145142905
224,38636.6871879979
225,37908.682515662935
226,37691.371256474966
227,37743.01058957822
228,37672.22125606941
229,37048.196251043395
230,36604.54744831974
231,36167.998059774356
232,35829.194307704085
233,35697.98540342913
234,35843.72695548496
235,36187.97809442668
236,36144.90924938962
237,36416.596834882446
238,36791.125309496885
239,39784.31392957279
240,39534.18710771098
241,39473.975379307856
242,39516.39671591701
243,39308.19415396508
244,39491.737452468136
245,39366.91976336096
246,39784.32222383407
247,40783.77422708261
248,39112.8429103396
249,38073.27419206595
250,37235.43489385217
251,36798.30577029974
252,36950.43718542613
253,36158.97832063372
254,36078.05531543693
255,35105.35340896671
256,35313.027150937734
257,35237.117166030635
258,35317.866107786074
259,36036.17957181856
260,36053.319712094235
261,36610.52139561735
262,36906.52471541309
263,39731.77094582782
264,39707.36975026927
265,39198.89369761386
266,39508.03545029885
267,39416.95064275728
268,39621.21094425023
269,39632.400391328156
270,39862.32689520521
271,40966.52567600521
272,39373.302967466174
273,38528.254576898245
274,37774.75558722774
275,37352.163775285
276,36949.92698144033
277,36362.610327567294
278,36210.85568822976
279,35325.502501196795
280,35249.47141265639
281,34984.65767052417
282,35216.06098371239
283,35501.553532036036
284,35790.06605307766
285,36046.38153563583
286,36243.544947752416
287,39539.44187046114
288,39556.91849313396
289,39445.71074341224
290,39476.97638294303
291,39521.335401400225
292,39579.79974723436
293,39445.98267860906
294,39506.18669798764
295,40830.58649745219
296,39047.85422974989
297,37852.9899232153
298,37453.94124462766
299,37177.723712140694
300,36610.30032367801
301,36058.84072039983
302,35820.19350321954
303,35021.61198146646
304,35027.1621815684
305,35073.43372466852
306,35214.320368769404
307,35729.26571541323
308,35745.39444948189
309,36357.81202037511
310,36586.66929985795
311,39323.71589781168
312,39585.082465770785
313,39364.50032307658
314,39306.16523515342
315,39456.83272163572
316,39550.02729428679
317,39496.221452355676
318,39741.15719326647
319,40700.05620711629
320,39555.4078008459
321,38600.849202041616
322,38004.43172213996
323,37642.44523283184
324,37457.77883327308
325,36627.97579923538
326,36704.21732140173
327,35486.63264687296
328,35083.86714723506
329,35026.937590839036
330,34948.035596186
331,35356.36204829532
332,35312.76598394198
333,35491.38050149626
334,35695.13112432495
335,38701.933866259315
336,39118.54149835116
337,37642.417353291545
338,37845.944993887664
339,37867.68266189458
340,38066.53484898452
341,38026.10539141784
342,38198.60982419133
343,39032.38387041731
344,38266.79186334343
345,38253.173950519216
346,37837.98296608363
347,37648.13763400421
348,37053.63095624097
349,36855.80314647811
350,36201.04858673116
351,35519.366712020914
352,35311.87250298933
353,34772.76226011942
354,34603.220917602564
355,34888.471113717365
356,34619.58997192352
357,34724.704929126645
358,35170.21570443223
359,38085.62826284822
360,38447.25760282581
361,38397.14103019407
362,38375.53716415585
363,38407.921911248086
364,38534.30636749419
365,38516.47786293239
366,38467.04058949971
367,38390.26994128605
368,38128.66176844573
369,37788.04799089966
370,37494.75796877065
371,37567.64601909095
372,37516.780261532134
373,37078.67096378659
374,37014.373510747195
375,36935.337380351906
376,36522.75524290995
377,36154.64014584869
378,36022.23660546607
379,35746.13156512406
380,35568.26220560725
381,35790.06698221778
382,35972.52225026334
383,38574.506551779166
384,39027.33491456592
385,38893.144490558545
386,38862.75586888805
387,38796.807730776774
388,38961.18678281763
389,38873.85087801173
390,39036.02380776857
391,39511.982028788814
392,38508.66720248152
393,38213.384744608804
394,37640.498759795984
395,37386.852068608205
396,37416.11237152052
397,36864.985238755726
398,36739.503362312615
399,36271.40040769072
400,36323.527957967875
401,36116.61502075405
402,36190.4551636877
403,36385.34714015349
404,36171.6785343737
405,36531.58879295555
406,36863.22021993155
407,39656.37335995862
408,39711.66225131399
409,39275.04164365454
410,39548.68796403271
411,39453.86484079314
412,39601.11674743488
413,39622.760969813266
414,39740.35883071574
415,41001.50386424677
416,39450.03792562865
417,38296.05785401698
418,37881.004624652945
419,37336.86210152148
420,37081.63002440545
421,36731.81274893188
422,36537.7091615578
423,35399.81741097481
424,35525.287938977155
425,35340.27844196577
426,35606.88257745237
427,35741.377788702004
428,35832.50957787917
429,36382.12397516391
430,36746.32383383559
431,39674.83028200487
432,39791.30389935452
433,39621.733636579665
434,39585.080997238154
435,39548.202519490595
436,39524.080257094894
437,39430.91635996095
438,39590.369350443296
439,40700.57151657409
440,39323.9347677783
441,38031.0864626506
442,37886.66668621821
443,37411.51521132985
444,36998.373496959066
445,36409.4605545971
446,36191.22011994538
447,35254.216938386955
448,35459.89622978203
449,35272.3039001307
450,35259.27472311421
451,35971.16682146329
452,35807.56698797693
453,36520.81592253129
454,36809.89577274374
455,39491.421444805455
456,39706.91540244275
457,39582.08114920639
458,39454.80308526589
459,39486.01679095824
460,39463.73216526416
461,39413.837261726876
462,39739.21853458926
463,40827.44721690203
464,39463.144857225
465,38382.20719444468
466,37809.605242313
467,37596.90002381614
468,37478.000536164705
469,36963.230043102696
470,36988.34055508549
471,35923.55074536488
472,35507.48278224984
473,35214.796216522715
474,35205.63841567202
475,35684.915695318494
476,35789.92389552307
477,36003.10199613418
478,36436.857193278345
479,39300.74974116231
480,39634.88476302585
481,38369.92343295683
482,38400.29310314787
483,38420.17615804593
484,38523.0749193345
485,38442.9308638195
486,38756.30284797519
487,40472.0516039742
488,38989.258392999756
489,38462.05638076862
490,37922.89543634079
491,37427.185887549786
492,37208.1062994568
493,36956.60379291536
494,36638.09380019692
495,35444.68825461703
496,34912.16339420959
497,35024.44357754196
498,34792.59802517927
499,35101.91965723143
500,34822.751566130835
501,35199.79837066766
502,35744.337013212884
503,38898.46095659625
504,39007.88262569408
505,38949.00825083267
506,38897.88851046904
507,38884.164248406785
508,39012.15530632903
509,38994.88980040162
510,39131.442307707075
511,39649.70854083618
512,38920.5026527342
513,38532.66063931897
514,37831.03702803235
515,37710.42717280467
516,37311.95066456563
517,36620.79992474951
518,36701.20384592953
519,36210.02184345511
520,36095.792559175316
521,35540.5854564695
522,35249.33423535721
523,35252.54410514552
524,35093.36282537462
525,35179.26043966956
526,35271.743371909004
527,38339.41869694728
528,38810.74207809923
529,38654.91843436171
530,38644.87529420741
531,38669.46156947064
532,38821.92399421923
533,38699.772649000864
534,38570.32223128652
535,38646.00938327977
536,38330.11121021547
537,38243.895365765326
538,37601.25956537888
539,37382.94410838337
540,37705.479450887346
541,37255.288409677545
542,36831.376293102934
543,36770.0464678049
544,36643.999628131576
545,36408.68943519458
546,36603.06194869583
547,36266.53454392329
548,35733.345711515576
549,35953.64885773857
550,36245.39673199094
551,38716.7320901145
552,39056.54546078796
553,38997.72464545757
554,38873.107520279234
555,38893.76234824697
556,38858.602067674554
557,38863.07705084203
558,38950.972553001564
559,39700.78379466356
560,38913.47842629931
561,38230.70663886231
562,38082.993066859955
563,37860.11145225071
564,37588.607258752934
565,37234.38266435653
566,36678.43469656149
567,35996.64863295914
568,36351.1094405292
569,36023.40293887776
570,36117.895219059494
571,36151.79758056201
572,36188.47536050988
573,36587.22487481168
574,37014.02854055016
575,39804.02124072225
576,39892.87616298941
577,39779.90924308366
578,39720.70589566313
579,39694.70246176281
580,39737.53179971547
581,39603.50269730951
582,39837.3042619279
583,41051.83405898674
584,39639.54945802395
585,38603.772503944085
586,38176.3010947936
587,37652.289090808226
588,37390.907960629505
589,36641.8441573959
590,36326.98598713965
591,35109.96558245891
592,35442.258116989855
593,35165.457085951995
594,35477.21862231078
595,35838.40404180529
596,35806.433604431666
597,36412.88282754969
598,36826.144500616014
599,39698.49141253378
600,39804.06127089585
601,39687.87693383373
602,39581.52256083224
603,39637.164652234394
604,39689.76546574133
605,39582.690498394986
606,39870.325528829475
607,40941.02240069449
608,39513.626052942665
609,38426.3312741163
610,37840.21207739298
611,37676.6815527314
612,37521.23311285782
613,37145.031560671145
614,36794.91615161143
615,35621.465942316594
616,35766.85134708833
617,35625.889335966116
618,35753.567890816776
619,36360.075717201005
620,36208.540695297495
621,36479.55548720968
622,36791.369517502775
623,39643.329615724266
624,39891.67230710578
625,39753.14672417685
626,39696.28275491316
627,39720.15008414849
628,39778.7876902817
629,39600.24108554751
630,39826.74415704782
631,40439.24924808286
632,39325.46622696439
633,38346.79229801703
634,37873.24849036289
635,36957.18178685489
636,36670.812032116955
637,36196.46244191616
638,36153.46905290493
639,35244.87446643876
640,35117.897503468506
641,35416.42914570142
642,35231.64907578818
643,35614.82415385476
644,35581.128602679186
645,35907.40390539624
646,36333.6592184338
647,39442.29200801188
648,39449.0675520417
649,39436.149879649434
650,39333.96466289873
651,39389.69214274584
652,39461.83367670628
653,39355.95803727301
654,39705.653121220595
655,39901.53562835802
656,38436.359728096635
657,37679.42306328913
658,36940.8370159399
659,37002.591497609945
660,36613.59922604236
661,35721.76092410726
662,35631.793056217175
663,35351.98307228895
664,35204.3811289463
665,35067.40760182999
666,34920.508773542686
667,35701.4373435059
668,35462.162359688155
669,35760.21948155322
670,36011.039444510214
671,39146.24967985012
672,39343.161857125655
673,39153.49332544057
674,39177.70337815585
675,39291.38157028632
676,39375.12418818871
677,39278.141393321785
678,39350.55833019967
679,38860.48254932342
680,38136.19450469268
681,37447.50895893135
682,36725.204843762316
683,36647.97613709199
684,36776.36336533124
685,35933.422570711264
686,35600.26741308756
687,35681.594501876985
688,35864.44127188334
689,35607.324519834976
690,32257.3465402886
691,32272.89203225693
692,31901.589816681208
693,32204.601389986557
694,32257.276188841624
695,34555.53391118928
696,34907.27956426284
697,34783.77074871149
698,34741.32241768085
699,34771.85143516306
700,34735.35179818989
701,34800.00642427838
702,34795.52462653628
703,34896.88443601171
704,34710.45674609972
705,34465.574255490035
706,34172.87273252796
707,34325.938134082025
708,33866.8204051424
709,33559.7513872325
710,33009.91589440769
711,32890.03639134447
712,32923.504835051324
713,32843.16337653761
714,32432.464956613047
715,32586.51937393408
716,32485.064684196
717,32533.03907356385
718,32681.195951461326
719,34911.784942808816
720,35342.971945564685
721,35330.55236790133
722,35152.44627112096
723,35213.89315997066
724,35294.58167140554
725,31738.031115837966
726,31725.347252362884
727,32312.235614617846
728,31688.668211958367
729,31363.623839135988
730,30974.409617343747
731,30691.709042515275
732,30852.348837751713
733,30239.46873524661
734,29916.29751140766
735,29235.872072796465
736,29384.846845695774
737,29371.406458352874
738,29340.571537446718
739,29446.507301608464
740,29398.83566849202
741,29627.846107796773
742,29877.27553928659
743,32092.662827667613
744,32525.51312347098
745,32520.08856782423
746,32426.29080133344
747,32426.864956293477
748,32521.075544362746
749,32410.92978545058
750,32633.121125621787
751,33606.78207805124
752,32182.80572266797
753,31492.615158371587
754,30911.448768355323
755,30504.2451159732
756,30500.04427983998
757,29984.097494557962
758,29732.20641089954
759,28750.458806452127
760,28750.261241222146
761,28810.86494789665
762,28898.34548940544
763,29398.61004968567
764,29394.649823202133
765,33097.912510485956
766,33282.40167371177
767,36050.19788890306
768,35737.59078604422
769,35623.02439437201
770,35673.761497977066
771,35641.88267314483
772,35768.92139891725
773,35646.61516141793
774,35755.07539319475
775,36327.22955666847
776,35336.77919520167
777,34205.75588752867
778,33868.88288341363
779,33297.37029581728
780,32970.89148779493
781,32537.89923348813
782,32422.297294554486
783,31605.906582002037
784,31865.850092899993
785,32023.433533926913
786,31989.728313219897
787,32289.378200904375
788,32374.48953139517
789,32618.98220381103
790,36632.67640650458
791,39588.588515163574
792,39554.43026369492
793,39542.05998416826
794,39407.82629221121
795,39409.78416496096
796,39633.58385606426
797,39436.48671418437
798,39742.388291807176
799,40097.5695587349
800,38832.652412151925
801,37625.23676932424
802,37179.93144024567
803,37232.01071626242
804,36904.68840214666
805,36251.64672324357
806,35969.701500953466
807,35115.087485499185
808,35342.42944330003
809,35431.40524699377
810,35672.2973142276
811,36353.6805259728
812,35996.73119287309
813,36420.625579640335
814,36910.93140349487
815,39655.97642583098
816,39678.537339501105
817,39580.65265348961
818,39532.66681121538
819,39538.19916570121
820,39642.29470529828
821,39595.3451355537
822,39827.44978020214
823,40144.08610316185
824,39185.70430374783
825,38094.94378072675
826,37646.7779679331
827,37487.97562438133
828,37116.82953115378
829,36195.942999022045
830,35972.67440910647
831,35165.96257413618
832,35611.507530827126
833,35632.052670014746
834,35841.24419429995
835,35931.73339607117
836,36154.48339769371
837,36259.869295109704
838,36702.1800780581
839,39316.15533518261
840,39384.861406799326
841,39250.40728974141
842,39372.247565026184
843,39262.40100780087
844,39312.74830016314
845,39358.84974972787
846,39378.84718276468
847,40250.401249069
848,39586.81481860167
849,38869.609173282886
850,38590.70915999491
851,38315.895479256185
852,37872.91158468243
853,37362.75105733051
854,36980.994356961186
855,36397.79763236282
856,36100.185460193694
857,36145.148238608046
858,35680.32291965537
859,36170.49451089921
860,35747.403053947244
861,35862.016412339355
862,36074.644263811104
863,38679.43420151672
864,39513.427594541216
865,39447.408730839794
866,39255.50317668377
867,39368.16938519188
868,39390.07702371919
869,39451.90228775247
870,39336.21363922698
871,39290.13794855554
872,39217.173145880886
873,38997.11694544011
874,38775.14298149523
875,38744.74358355179
876,38583.87784237093
877,37798.417935086174
878,37583.26183749021
879,37198.23001878848
880,36766.23182960457
881,36723.85478787293
882,36562.14326592818
883,36779.87635923597
884,36569.51068464524
885,36611.76744143431
886,36643.011716995585
887,39505.440392380995
888,39722.12351895855
889,39752.60024345878
890,39685.36090592592
891,39701.24481780341
892,39780.15691712653
893,39723.06313849114
894,39874.35422649222
895,40448.01967738055
896,39479.883691888484
897,39090.618851059626
898,38574.08461782521
899,38009.55873053934
900,37755.724845767756
901,37321.57439041772
902,36839.8299314956
903,36439.54063533381
904,36248.48259683127
905,36212.30848681565
906,36342.80520958226
907,36418.94878834975
908,36504.36245863027
909,36865.43840156104
910,37034.00262164121
911,40199.39462548293
912,39967.233728274194
913,39947.00091083361
914,39921.37808975296
915,39856.144734085945
916,40041.73673122346
917,39897.354388255626
918,40116.143236537035
919,40911.290005850715
920,39326.97208466892
921,38021.90573567126
922,37542.59107266579
923,37230.40436678863
924,36959.62403526539
925,36572.03325832755
926,36407.915449404936
927,35408.71475214359
928,35493.76024766361
929,35854.90888374981
930,35956.68782046965
931,36208.71336034938
932,36242.09659861578
933,36421.96184018482
934,37161.42600872928
935,39924.14500181877
936,39851.96897477108
937,39900.721468842734
938,39883.79734889011
939,39854.19028191605
940,39961.191086444764
941,39792.37489269653
942,39985.424617631914
943,40887.08191585066
944,39634.742972735716
945,38265.733091245624
946,37947.60363979381
947,37789.18115619048
948,37411.78866265585
949,36708.95661303772
950,36743.42695193861
951,35369.703067324765
952,35669.367753238475
953,35763.92683147943
954,36304.49005520087
955,36521.57359092183
956,36005.26992844584
957,36392.62494444978
958,36897.819368025586
959,39724.61762164385
960,39729.95251817784
961,39723.19600055731
962,39651.73373135142
963,39167.81610669746
964,39341.75875039287
965,39205.376110779216
966,39542.25263124318
967,40869.326318224696
968,39782.99721547762
969,38714.4687961554
970,38292.03282209483
971,38064.42627275109
972,37738.76541225155
973,37338.246682413584
974,36932.52574184533
975,35637.263354975265
976,36014.82589999798
977,35748.07849643868
978,36061.73083235658
979,36106.632077190094
980,36298.59028163424
981,36521.76129451924
982,37024.087336353055
983,39643.725021337304
984,39663.431798037156
985,39626.45239164699
986,39646.305506520555
987,39588.322527548735
988,39656.77331261478
989,39612.63040601577
990,39825.954146401265
991,41297.28604388452
992,40126.38926752687
993,39383.957354152124
994,38783.92952208496
995,38354.13309960952
996,37908.874609451734
997,37127.079966415884
998,37057.395287439904
999,35843.498844834576
1000,35793.60810046039
1001,35727.453066705755
1002,35801.061368550334
1003,36235.16783424137
1004,35920.76723097724
1005,36094.073512509836
1006,36529.9953425022
1007,39463.17871147882
1008,39875.28401202749
1009,39733.209966372226
1010,39697.16375851566
1011,39778.60695226903
1012,39719.28819946451
1013,39669.20285429844
1014,39844.04561925444
1015,40346.18106275709
1016,39645.99044249458
1017,38893.014112427074
1018,38584.78781547833
1019,38408.68011691766
1020,37736.779478122924
1021,37057.27447377353
1022,37177.11438990431
1023,36423.170460133064
1024,35989.22340956855
1025,35963.03536605315
1026,35590.39104739948
1027,35837.378130532255
1028,35630.81216803274
1029,35946.67551946293
1030,36003.4063530938
1031,39023.402694407785
1032,38888.99015274864
1033,38900.44652745195
1034,38834.008568540674
1035,38938.90735065548
1036,39024.96620203735
1037,39068.58572832758
1038,39125.33886481114
1039,39168.76681743039
1040,39015.161383572675
1041,38921.91051744636
1042,38622.91133341195
1043,38263.89382726286
1044,37589.084730227536
1045,37369.638593049254
1046,36700.23693392229
1047,36674.60285523835
1048,36906.548387349954
1049,36943.38240408102
1050,36947.97022270881
1051,36469.80786988344
1052,36347.31654584764
1053,36517.32061217591
1054,36558.82714224891
1055,39001.64868195781
1056,39474.09239880626
1057,39389.4023000087
1058,39325.79133218143
1059,39291.860915025405
1060,39414.7740074541
1061,39339.32277013429
1062,39443.66834814804
1063,39613.68794741799
1064,38914.1188303762
1065,38352.11463965872
1066,38233.82843401598
1067,37882.560294423536
1068,37858.696021026706
1069,37461.036036344834
1070,36995.98388273751
1071,36546.28373969192
1072,36532.51132291628
1073,36645.2789552065
1074,36756.21495011484
1075,36752.62129219276
1076,36713.72081807064
1077,36635.330596969594
1078,37465.111717104635
1079,39917.18703996169
1080,39899.43357536502
1081,39926.77219992025
1082,39842.4931439753
1083,39882.57363773459
1084,39864.82112623381
1085,39772.51672401344
1086,39898.467350470644
1087,40748.965004675454
1088,39298.08504737067
1089,38468.8706661259
1090,37849.8674620078
1091,37371.338804482126
1092,37098.46272935488
1093,36517.81995530862
1094,36567.810269954214
1095,35432.15752825569
1096,35508.42225806737
1097,35662.427440775355
1098,36150.965285558304
1099,36224.26792593259
1100,36162.26978228628
1101,36600.79544016326
1102,36869.93450072391
1103,39702.19125839399
1104,39603.48528989698
1105,39491.33859874403
1106,39389.19161786172
1107,39049.26533165095
1108,39257.725171613456
1109,39154.72762815341
1110,39399.515128175204
1111,40644.56411115502
1112,39399.93147079632
1113,38769.954044025966
1114,38015.16537805368
1115,37786.91397889974
1116,37747.25809375425
1117,37236.875669782705
1118,36947.92221929604
1119,35699.590148941206
1120,35916.93894520174
1121,35376.07807604937
1122,35736.25620639557
1123,36170.33823837518
1124,36260.11607125955
1125,36665.759122013136
1126,36905.81227049927
1127,39511.035343802374
1128,39741.89341770177
1129,39557.117397500915
1130,39408.97739690976
1131,39501.98734141629
1132,39625.492123838325
1133,39537.92730414266
1134,39758.801905502274
1135,41070.919441368234
1136,39617.09591524238
1137,39006.55089004801
1138,38255.99132625253
1139,38032.89476123291
1140,37647.75360776422
1141,36892.22732835982
1142,37236.11461545145
1143,36098.08462673263
1144,35906.78451386157
1145,35904.79891455327
1146,36069.13015884472
1147,36398.60445473645
1148,36396.24185281337
1149,36438.319257979696
1150,36870.71911295031
1151,39708.11351407628
1152,39761.85585408878
1153,39630.91770932376
1154,39658.18638639402
1155,39747.98474838349
1156,39767.636870306866
1157,39714.87027000492
1158,40019.61890392754
1159,40934.25195892552
1160,39931.05394116661
1161,38880.76858305396
1162,38391.84917088742
1163,38059.116905766256
1164,37639.900337168925
1165,37366.41478296119
1166,37138.58437458411
1167,36102.81504267047
1168,36053.216994365095
1169,35761.039911427215
1170,35404.02470923078
1171,35827.34164410155
1172,35562.98997694204
1173,36068.90501473509
1174,36197.011602534876
1175,39131.55261557119
1176,39228.554300103606
1177,39229.36854931645
1178,39182.65041684718
1179,39222.79520421027
1180,39370.830872387174
1181,39340.040753210444
1182,39553.339950478265
1183,40086.38697776947
1184,39518.85385101916
1185,39097.157213310056
1186,38624.4343859079
1187,38300.724703874046
1188,37790.250015484904
1189,37628.385867405705
1190,37356.42146387228
1191,36678.64161345358
1192,36649.6377458707
1193,36770.66794816264
1194,36470.104655177835
1195,36646.55730881284
1196,36585.09317540628
1197,36495.70816199462
1198,36680.09255180801
1199,39033.27883095937
1200,39539.32636125334
1201,39438.10469894723
1202,39285.43684917811
1203,39261.13712996371
1204,39334.636155312066
1205,39261.981324065295
1206,39150.823276981406
1207,39357.05234887477
1208,39279.92189875964
1209,39105.72800062454
1210,38654.98615392826
1211,38359.120925766016
1212,38290.64822320304
1213,37963.91666894283
1214,37539.63404178896
1215,37482.622053684485
1216,37155.83655586691
1217,36834.55062091019
1218,36836.447010185795
1219,36704.17398596475
1220,36480.474494298796
1221,36686.16012378836
1222,37205.4796062886
1223,39496.15607667982
1224,39663.42538072908
1225,39446.586486093074
1226,39286.51820807066
1227,39219.4372051273
1228,39287.77152712477
1229,39250.60822398012
1230,39273.962089169334
1231,39814.55109518573
1232,39079.430452901965
1233,38918.331367460625
1234,38601.937603768354
1235,37984.144546904965
1236,37603.03997625189
1237,37202.48169178833
1238,37258.55225544109
1239,36248.64535412034
1240,36551.98000843533
1241,36309.456290376605
1242,36397.02111857554
1243,36374.071245957326
1244,36688.45062515277
1245,37146.80731867282
1246,37380.65983404807
1247,39817.01480761534
1248,39742.11731122035
1249,39535.75869314414
1250,39374.32698577358
1251,39394.68861580032
1252,39563.41861388494
1253,39359.57246456069
1254,39507.96439849443
1255,39727.28802026605
1256,38573.0918831316
1257,38002.149297761855
1258,37138.853654818064
1259,36840.75763683535
1260,36794.846487331924
1261,35785.432936427176
1262,35521.04158495229
1263,34888.41423369994
1264,35337.6724730542
1265,35194.121817461164
1266,35549.08313318368
1267,35895.178943230574
1268,36177.22382784175
1269,36717.18026247415
1270,37024.390540588895
1271,39594.306558716824
1272,39669.30121850169
1273,39418.88320685484
1274,39206.756475354865
1275,39313.91122654093
1276,39441.347633063735
1277,39395.09883797987
1278,39638.06187899978
1279,39775.88589424847
1280,38601.60445268548
1281,37523.240453935585
1282,37047.103725344576
1283,36906.48827024604
1284,36627.7141043147
1285,36024.3010616953
1286,36052.66876297807
1287,35549.78838418401
1288,35454.89650487726
1289,35612.56009214369
1290,35753.623438683666
1291,36232.640395735456
1292,36200.34612985226
1293,36727.50631004494
1294,37218.70299809436
1295,39653.5394721895
1296,39743.29544337384
1297,39448.444619204296
1298,39478.52399659006
1299,39575.0507459341
1300,39626.79864197527
1301,39592.50539066186
1302,39736.083130957544
1303,39592.71222465987
1304,38845.669316711595
1305,37844.403143918855
1306,37242.92752322055
1307,36951.9959037404
1308,36869.579582152
1309,36689.280664432525
1310,36141.64825977772
1311,35775.064101702665
1312,35391.88942930038
1313,35595.71950948862
1314,35522.762356013955
1315,35958.50235073072
1316,35945.90496019007
1317,36529.56763677687
1318,36802.8477785647
1319,39426.340878873314
1320,39539.20998425899
1321,39460.69060056873
1322,39332.76737228866
1323,39290.308097308516
1324,39451.443439657254
1325,39369.153511659446
1326,39670.3539155741
1327,39809.466136133386
1328,38791.10694104795
1329,37886.13476518705
1330,37350.90046481658
1331,37180.62158866675
1332,36666.39360855183
1333,36446.38923327899
1334,36186.76768382
1335,35732.24075416284
1336,35551.44845161103
1337,35587.625529529345
1338,35522.53516631157
1339,36243.61121210572
1340,36338.286092651855
1341,36534.94660181247
1342,36965.25646409929
1343,39478.86067972678
1344,39629.62483758429
1345,39540.19991225539
1346,39405.72191784125
1347,39408.8210202098
1348,39490.18253705547
1349,39349.267923155996
1350,39407.49475114165
1351,39229.61811021401
1352,38690.33823893658
1353,37985.88671359871
1354,37234.0037369267
1355,36808.07395631925
1356,36662.76311349607
1357,36366.55087549812
1358,35981.99002460605
1359,35887.500584568836
1360,35526.18190061785
1361,35775.466210747756
1362,35626.31845503015
1363,35968.35529641805
1364,35843.882377961854
1365,36295.27114074735
1366,36538.29150453088
1367,39170.12807477128
1368,39203.685060075135
1369,38913.33302032794
1370,38783.3296807084
1371,38618.73025587189
1372,38701.847339896645
1373,38587.04005306846
1374,38622.93507218442
1375,38668.31336930755
1376,38475.55995528487
1377,38280.09956029434
1378,38283.30131183949
1379,38097.15695180093
1380,37896.27823941483
1381,37460.60282143986
1382,37396.357856955685
1383,37114.84434627161
1384,37076.02521735442
1385,36331.57991109918
1386,36613.201335734426
1387,36484.16262726019
1388,36560.78150433733
1389,36884.95269477875
1390,37147.120407656206
1391,39305.716837820786
1392,39645.43652375625
1393,39386.00952096837
1394,39221.93490064343
1395,39178.6897000371
1396,39241.691362339494
1397,38996.234116114705
1398,39140.191345854124
1399,38936.85210377368
1400,38427.11342955412
1401,38117.36551427534
1402,37749.01247560317
1403,37423.5764880932
1404,37364.38081485207
1405,36458.053587261726
1406,36080.95051773819
1407,35934.22892681546
1408,36098.1553629332
1409,35969.13943043906
1410,36083.25507617621
1411,36206.692914629224
1412,36276.81683484382
1413,37008.86341808135
1414,37122.910609778446
1415,39790.93768298645
